mean_fit_time,std_fit_time,mean_score_time,std_score_time,param_regressor__max_depth,param_regressor__max_features,param_regressor__max_samples,param_regressor__n_estimators,params,split0_test_score,split1_test_score,split2_test_score,split3_test_score,split4_test_score,split5_test_score,split6_test_score,split7_test_score,split8_test_score,split9_test_score,mean_test_score,std_test_score,rank_test_score
0.027213692665100098,0.012219664821893723,0.0,0.0,,auto,0.1,50,"{'regressor__max_depth': None, 'regressor__max_features': 'auto', 'regressor__max_samples': 0.1, 'regressor__n_estimators': 50}",,,,,,,,,,,,,65
0.02982935905456543,0.028006652407725843,0.0,0.0,,auto,0.1,100,"{'regressor__max_depth': None, 'regressor__max_features': 'auto', 'regressor__max_samples': 0.1, 'regressor__n_estimators': 100}",,,,,,,,,,,,,65
0.019004416465759278,0.005379384157522891,0.0,0.0,,auto,0.1,200,"{'regressor__max_depth': None, 'regressor__max_features': 'auto', 'regressor__max_samples': 0.1, 'regressor__n_estimators': 200}",,,,,,,,,,,,,65
0.020020890235900878,0.0029580070744535175,0.0,0.0,,auto,0.1,300,"{'regressor__max_depth': None, 'regressor__max_features': 'auto', 'regressor__max_samples': 0.1, 'regressor__n_estimators': 300}",,,,,,,,,,,,,65
0.022510051727294922,0.006356790505111008,0.0,0.0,,auto,0.25,50,"{'regressor__max_depth': None, 'regressor__max_features': 'auto', 'regressor__max_samples': 0.25, 'regressor__n_estimators': 50}",,,,,,,,,,,,,65
0.02314596176147461,0.00830111076100005,0.0,0.0,,auto,0.25,100,"{'regressor__max_depth': None, 'regressor__max_features': 'auto', 'regressor__max_samples': 0.25, 'regressor__n_estimators': 100}",,,,,,,,,,,,,65
0.01872706413269043,0.002748771358260315,0.0,0.0,,auto,0.25,200,"{'regressor__max_depth': None, 'regressor__max_features': 'auto', 'regressor__max_samples': 0.25, 'regressor__n_estimators': 200}",,,,,,,,,,,,,65
0.02626931667327881,0.009355498384662908,0.0,0.0,,auto,0.25,300,"{'regressor__max_depth': None, 'regressor__max_features': 'auto', 'regressor__max_samples': 0.25, 'regressor__n_estimators': 300}",,,,,,,,,,,,,65
0.022547054290771484,0.0030247370838847503,0.0,0.0,,auto,0.5,50,"{'regressor__max_depth': None, 'regressor__max_features': 'auto', 'regressor__max_samples': 0.5, 'regressor__n_estimators': 50}",,,,,,,,,,,,,65
0.020817089080810546,0.0078550154552756,0.0,0.0,,auto,0.5,100,"{'regressor__max_depth': None, 'regressor__max_features': 'auto', 'regressor__max_samples': 0.5, 'regressor__n_estimators': 100}",,,,,,,,,,,,,65
0.01878674030303955,0.004815561578543769,0.0,0.0,,auto,0.5,200,"{'regressor__max_depth': None, 'regressor__max_features': 'auto', 'regressor__max_samples': 0.5, 'regressor__n_estimators': 200}",,,,,,,,,,,,,65
0.020304036140441895,0.004341993510742355,0.0,0.0,,auto,0.5,300,"{'regressor__max_depth': None, 'regressor__max_features': 'auto', 'regressor__max_samples': 0.5, 'regressor__n_estimators': 300}",,,,,,,,,,,,,65
0.022260165214538573,0.003536414144111807,0.0,0.0,,auto,1.0,50,"{'regressor__max_depth': None, 'regressor__max_features': 'auto', 'regressor__max_samples': 1.0, 'regressor__n_estimators': 50}",,,,,,,,,,,,,65
0.02045443058013916,0.004841244131307521,0.0,0.0,,auto,1.0,100,"{'regressor__max_depth': None, 'regressor__max_features': 'auto', 'regressor__max_samples': 1.0, 'regressor__n_estimators': 100}",,,,,,,,,,,,,65
0.021804022789001464,0.005260007131399295,0.0,0.0,,auto,1.0,200,"{'regressor__max_depth': None, 'regressor__max_features': 'auto', 'regressor__max_samples': 1.0, 'regressor__n_estimators': 200}",,,,,,,,,,,,,65
0.0185760498046875,0.006803989027934805,0.0,0.0,,auto,1.0,300,"{'regressor__max_depth': None, 'regressor__max_features': 'auto', 'regressor__max_samples': 1.0, 'regressor__n_estimators': 300}",,,,,,,,,,,,,65
0.09217417240142822,0.018838978468918882,0.011938142776489257,0.00424273624252683,,sqrt,0.1,50,"{'regressor__max_depth': None, 'regressor__max_features': 'sqrt', 'regressor__max_samples': 0.1, 'regressor__n_estimators': 50}",0.8868778165613721,0.897690096577124,0.8694615998395703,0.8542093152448001,0.866319835200267,0.8590852214266467,0.8700561434429094,0.872040280641326,0.8536579582389212,0.8547946954839871,0.8684192962656925,0.0138251835898468,62
0.15332527160644532,0.01823646326477175,0.0287830114364624,0.022739640132352107,,sqrt,0.1,100,"{'regressor__max_depth': None, 'regressor__max_features': 'sqrt', 'regressor__max_samples': 0.1, 'regressor__n_estimators': 100}",0.8902501579255836,0.8986379193864968,0.8747173738177462,0.8547017942700473,0.8671514478911114,0.8651032191471699,0.8714572411436167,0.8733714041970619,0.8585309754599233,0.8611126413352148,0.8715034174573972,0.013114845383627447,56
0.2918076992034912,0.037890561240294725,0.024447131156921386,0.006492071625123898,,sqrt,0.1,200,"{'regressor__max_depth': None, 'regressor__max_features': 'sqrt', 'regressor__max_samples': 0.1, 'regressor__n_estimators': 200}",0.8891226379067501,0.8982194104442047,0.8771691976049436,0.8550094006367877,0.8700756442480233,0.8674656160288704,0.8742238417433705,0.8754967954308961,0.862628519606541,0.8620068353526563,0.8731417899003043,0.012296874642119128,52
0.4178201675415039,0.03208332440452952,0.03733396530151367,0.007433890668607175,,sqrt,0.1,300,"{'regressor__max_depth': None, 'regressor__max_features': 'sqrt', 'regressor__max_samples': 0.1, 'regressor__n_estimators': 300}",0.8910210235368834,0.8988925251757782,0.8753683587681113,0.8543840162746753,0.8718123040827915,0.8658473088328157,0.875688118196625,0.8767378944262556,0.8626058559341592,0.8613302800365664,0.8733687685264663,0.012899512633980714,49
0.12659220695495604,0.016128842738015747,0.01353302001953125,0.0058755448036737976,,sqrt,0.25,50,"{'regressor__max_depth': None, 'regressor__max_features': 'sqrt', 'regressor__max_samples': 0.25, 'regressor__n_estimators': 50}",0.8996109711110543,0.9082056782702386,0.8892669660076677,0.8759528023716493,0.8833843303611092,0.86779635097247,0.8907589271047729,0.8848506544070367,0.8690725786599832,0.8682825026244921,0.8837181761890474,0.013040448552848511,45
0.23465840816497802,0.031770610701125364,0.016852474212646483,0.003256045486388581,,sqrt,0.25,100,"{'regressor__max_depth': None, 'regressor__max_features': 'sqrt', 'regressor__max_samples': 0.25, 'regressor__n_estimators': 100}",0.8985839659727564,0.9105158104793019,0.892515413322184,0.8735025327656666,0.8854102257172279,0.87395636228003,0.8878928141019079,0.8878906072501139,0.8715356530910263,0.8729213300014095,0.8854724714981623,0.012198601241775192,41
0.392063045501709,0.018967465754299136,0.02974693775177002,0.007220102245833503,,sqrt,0.25,200,"{'regressor__max_depth': None, 'regressor__max_features': 'sqrt', 'regressor__max_samples': 0.25, 'regressor__n_estimators': 200}",0.9004077961607069,0.9117557055192751,0.8937384593809338,0.8753399611588114,0.8882964695186565,0.8794134724012241,0.8910125251321928,0.8905391002136606,0.8732038874654835,0.8742723924814546,0.88779797694324,0.011865058613091678,36
0.6118884325027466,0.035714489064051065,0.04257314205169678,0.00504142886572809,,sqrt,0.25,300,"{'regressor__max_depth': None, 'regressor__max_features': 'sqrt', 'regressor__max_samples': 0.25, 'regressor__n_estimators': 300}",0.9012764223898151,0.9130218717395127,0.8952288044088318,0.8760999513307798,0.8878151130942534,0.8804433844103513,0.8907796898708626,0.889031557268083,0.874695829754286,0.8740606018536224,0.8882453226120399,0.011970202887235906,34
0.16875970363616943,0.014135437026653208,0.011871528625488282,0.003669694198679249,,sqrt,0.5,50,"{'regressor__max_depth': None, 'regressor__max_features': 'sqrt', 'regressor__max_samples': 0.5, 'regressor__n_estimators': 50}",0.9054648191510206,0.9207129426565346,0.900560658820967,0.8812488082607034,0.8909755586766017,0.8786049360999076,0.8885092302606146,0.8869167509501068,0.8824407637765715,0.882282963782375,0.8917717432435402,0.012642738325939498,27
0.3112502574920654,0.015102735951839051,0.022612738609313964,0.008141290067337959,,sqrt,0.5,100,"{'regressor__max_depth': None, 'regressor__max_features': 'sqrt', 'regressor__max_samples': 0.5, 'regressor__n_estimators': 100}",0.9066269021311403,0.9210930179852264,0.9030308430674993,0.8844517441903086,0.8977854185002658,0.8853605238340113,0.8920436878035247,0.8918536802181982,0.8825569844443422,0.8825788562546832,0.8947381658429201,0.011914426656355098,21
0.6178582906723022,0.07134170141662877,0.03734636306762695,0.019752083023943646,,sqrt,0.5,200,"{'regressor__max_depth': None, 'regressor__max_features': 'sqrt', 'regressor__max_samples': 0.5, 'regressor__n_estimators': 200}",0.9067214233416682,0.9205447854348285,0.9026587939038369,0.8862298991395487,0.89790801144816,0.8885401349819624,0.8944065509515324,0.8932057547402542,0.8836422481804127,0.8853542583716535,0.8959211860493859,0.010921586543490085,18
0.9971792936325073,0.1617034559638763,0.06314046382904052,0.020063720242494896,,sqrt,0.5,300,"{'regressor__max_depth': None, 'regressor__max_features': 'sqrt', 'regressor__max_samples': 0.5, 'regressor__n_estimators': 300}",0.90792787807096,0.9208382053976919,0.9034909023960566,0.8866215301667254,0.8986859174089877,0.888252376818886,0.8952402377920938,0.8947718606745467,0.8839087523402863,0.8844340077338736,0.8964171668800107,0.011184076112424664,16
0.23003649711608887,0.022315880294830105,0.01590418815612793,0.006749013671677837,,sqrt,1.0,50,"{'regressor__max_depth': None, 'regressor__max_features': 'sqrt', 'regressor__max_samples': 1.0, 'regressor__n_estimators': 50}",0.9045233095042416,0.9255070337247621,0.9039328003344325,0.8934538434396369,0.9033347545799155,0.8947528394890145,0.90001674604221,0.893338742642402,0.8873213885878071,0.8863497266135129,0.8992531184957935,0.010742033909344062,12
0.48298470973968505,0.11023548034979656,0.023160672187805174,0.00497527270939317,,sqrt,1.0,100,"{'regressor__max_depth': None, 'regressor__max_features': 'sqrt', 'regressor__max_samples': 1.0, 'regressor__n_estimators': 100}",0.9099806208804955,0.9290158805422583,0.9118822687403466,0.8950674196715095,0.9060490112809881,0.8954436639304808,0.9025034772779092,0.895985839375613,0.8887562264991931,0.8863892961950897,0.9021073704393883,0.01205839124712452,7
1.021552038192749,0.13499604509111393,0.04641425609588623,0.008522026194964933,,sqrt,1.0,200,"{'regressor__max_depth': None, 'regressor__max_features': 'sqrt', 'regressor__max_samples': 1.0, 'regressor__n_estimators': 200}",0.9112248577422845,0.9279445968862121,0.9136017399286799,0.8942210533698113,0.9056004464909784,0.8971159451275197,0.9017912749569912,0.8968613957320428,0.8895227478630359,0.8864649121657695,0.9024348970263324,0.011881615780570544,4
1.3492805242538453,0.15224876009348462,0.058863377571105956,0.012988907806329745,,sqrt,1.0,300,"{'regressor__max_depth': None, 'regressor__max_features': 'sqrt', 'regressor__max_samples': 1.0, 'regressor__n_estimators': 300}",0.9122315020261373,0.9278664008678059,0.9129303175685108,0.8945146256119663,0.9063003375374001,0.8964432750531379,0.9020170378408127,0.8976062040395438,0.889167709465463,0.8867568370373997,0.9025834247048177,0.011880869839150855,1
0.019918370246887206,0.007684697342854417,0.0,0.0,10,auto,0.1,50,"{'regressor__max_depth': 10, 'regressor__max_features': 'auto', 'regressor__max_samples': 0.1, 'regressor__n_estimators': 50}",,,,,,,,,,,,,65
0.028313279151916504,0.013508737761329067,0.0,0.0,10,auto,0.1,100,"{'regressor__max_depth': 10, 'regressor__max_features': 'auto', 'regressor__max_samples': 0.1, 'regressor__n_estimators': 100}",,,,,,,,,,,,,65
0.02317471504211426,0.007923336625462173,0.0,0.0,10,auto,0.1,200,"{'regressor__max_depth': 10, 'regressor__max_features': 'auto', 'regressor__max_samples': 0.1, 'regressor__n_estimators': 200}",,,,,,,,,,,,,65
0.03707344532012939,0.013845156467487942,0.0,0.0,10,auto,0.1,300,"{'regressor__max_depth': 10, 'regressor__max_features': 'auto', 'regressor__max_samples': 0.1, 'regressor__n_estimators': 300}",,,,,,,,,,,,,65
0.03177921772003174,0.018381466477375128,0.0,0.0,10,auto,0.25,50,"{'regressor__max_depth': 10, 'regressor__max_features': 'auto', 'regressor__max_samples': 0.25, 'regressor__n_estimators': 50}",,,,,,,,,,,,,65
0.041739583015441895,0.02550182535503356,0.0,0.0,10,auto,0.25,100,"{'regressor__max_depth': 10, 'regressor__max_features': 'auto', 'regressor__max_samples': 0.25, 'regressor__n_estimators': 100}",,,,,,,,,,,,,65
0.018642663955688477,0.00325734019998783,0.0,0.0,10,auto,0.25,200,"{'regressor__max_depth': 10, 'regressor__max_features': 'auto', 'regressor__max_samples': 0.25, 'regressor__n_estimators': 200}",,,,,,,,,,,,,65
0.02229909896850586,0.005382785619698942,0.0,0.0,10,auto,0.25,300,"{'regressor__max_depth': 10, 'regressor__max_features': 'auto', 'regressor__max_samples': 0.25, 'regressor__n_estimators': 300}",,,,,,,,,,,,,65
0.02073779106140137,0.004411230301694161,0.0,0.0,10,auto,0.5,50,"{'regressor__max_depth': 10, 'regressor__max_features': 'auto', 'regressor__max_samples': 0.5, 'regressor__n_estimators': 50}",,,,,,,,,,,,,65
0.02133023738861084,0.00392445740053052,0.0,0.0,10,auto,0.5,100,"{'regressor__max_depth': 10, 'regressor__max_features': 'auto', 'regressor__max_samples': 0.5, 'regressor__n_estimators': 100}",,,,,,,,,,,,,65
0.02521803379058838,0.00709471062863128,0.0,0.0,10,auto,0.5,200,"{'regressor__max_depth': 10, 'regressor__max_features': 'auto', 'regressor__max_samples': 0.5, 'regressor__n_estimators': 200}",,,,,,,,,,,,,65
0.01942410469055176,0.0058330478815764066,0.0,0.0,10,auto,0.5,300,"{'regressor__max_depth': 10, 'regressor__max_features': 'auto', 'regressor__max_samples': 0.5, 'regressor__n_estimators': 300}",,,,,,,,,,,,,65
0.023536062240600585,0.006226359269048231,0.0,0.0,10,auto,1.0,50,"{'regressor__max_depth': 10, 'regressor__max_features': 'auto', 'regressor__max_samples': 1.0, 'regressor__n_estimators': 50}",,,,,,,,,,,,,65
0.02019546031951904,0.003391135804903237,0.0,0.0,10,auto,1.0,100,"{'regressor__max_depth': 10, 'regressor__max_features': 'auto', 'regressor__max_samples': 1.0, 'regressor__n_estimators': 100}",,,,,,,,,,,,,65
0.01883089542388916,0.004172212892453123,0.0,0.0,10,auto,1.0,200,"{'regressor__max_depth': 10, 'regressor__max_features': 'auto', 'regressor__max_samples': 1.0, 'regressor__n_estimators': 200}",,,,,,,,,,,,,65
0.019234251976013184,0.004803227162723361,0.0,0.0,10,auto,1.0,300,"{'regressor__max_depth': 10, 'regressor__max_features': 'auto', 'regressor__max_samples': 1.0, 'regressor__n_estimators': 300}",,,,,,,,,,,,,65
0.09021084308624268,0.02395332302426457,0.011706924438476563,0.003982847712168215,10,sqrt,0.1,50,"{'regressor__max_depth': 10, 'regressor__max_features': 'sqrt', 'regressor__max_samples': 0.1, 'regressor__n_estimators': 50}",0.8862094709077838,0.8896023271457416,0.8708807176760434,0.8548146795996004,0.865692042826105,0.8642080145645015,0.8670662176318571,0.8657475172068173,0.8614713572940703,0.8606561415767782,0.86863484864293,0.010481283936022589,61
0.18562612533569336,0.02576332463970223,0.016760540008544923,0.006844180660955073,10,sqrt,0.1,100,"{'regressor__max_depth': 10, 'regressor__max_features': 'sqrt', 'regressor__max_samples': 0.1, 'regressor__n_estimators': 100}",0.8861708506524175,0.8927571286447866,0.8773144662239822,0.8517719214398994,0.8655734133768472,0.8629712249476951,0.8699663904765995,0.8731119851967916,0.8612515179728877,0.861723916094164,0.8702612815026072,0.011782097991467927,60
0.25243306159973145,0.019860264413782983,0.025642967224121092,0.004050384128530576,10,sqrt,0.1,200,"{'regressor__max_depth': 10, 'regressor__max_features': 'sqrt', 'regressor__max_samples': 0.1, 'regressor__n_estimators': 200}",0.8857451872065478,0.8942927849622382,0.8765381125945068,0.8516880424986132,0.8675085867063262,0.8638221004626779,0.8745154141091123,0.8743770680319488,0.8604139046637471,0.857949567016939,0.8706850768252657,0.012379253424814662,59
0.3665578365325928,0.021379725284040137,0.032623004913330075,0.005754400452759467,10,sqrt,0.1,300,"{'regressor__max_depth': 10, 'regressor__max_features': 'sqrt', 'regressor__max_samples': 0.1, 'regressor__n_estimators': 300}",0.8894506843930338,0.8950958996814358,0.8759405037057749,0.851404857181301,0.8676997459640291,0.8625384691485727,0.8749267940671178,0.8756202563257403,0.863248215628193,0.859414316856132,0.8715339742951331,0.012806798684965367,55
0.09858171939849854,0.010222491557060853,0.013029813766479492,0.006176736299831343,10,sqrt,0.25,50,"{'regressor__max_depth': 10, 'regressor__max_features': 'sqrt', 'regressor__max_samples': 0.25, 'regressor__n_estimators': 50}",0.9014366524235746,0.9074199978586546,0.8934303163911157,0.8760917151156948,0.8757614819926844,0.8688928038909745,0.8809791399709789,0.8766282451091701,0.8699594963485737,0.8672817171043188,0.881788156620574,0.013383901216092705,48
0.17924063205718993,0.018871466001837714,0.01664867401123047,0.005135058805641189,10,sqrt,0.25,100,"{'regressor__max_depth': 10, 'regressor__max_features': 'sqrt', 'regressor__max_samples': 0.25, 'regressor__n_estimators': 100}",0.8988026361198946,0.90909236188863,0.8936448162329029,0.871969712301681,0.8778307422231812,0.8735430616614913,0.884617708288628,0.8783910105776306,0.869086833436072,0.870563276775664,0.8827542159505775,0.012857577063016162,47
0.34606716632843015,0.01863483181395638,0.02393786907196045,0.0072009323401323036,10,sqrt,0.25,200,"{'regressor__max_depth': 10, 'regressor__max_features': 'sqrt', 'regressor__max_samples': 0.25, 'regressor__n_estimators': 200}",0.8980754433238651,0.9110256230708887,0.893592501364521,0.8723266425951407,0.8790193885442457,0.8729615063083682,0.8883308820749298,0.883240565490789,0.8715337007553932,0.8721492147479616,0.8842255468276103,0.012720514496940342,43
0.4960500717163086,0.052910154549065114,0.03617069721221924,0.014810354111523009,10,sqrt,0.25,300,"{'regressor__max_depth': 10, 'regressor__max_features': 'sqrt', 'regressor__max_samples': 0.25, 'regressor__n_estimators': 300}",0.898218623392023,0.9124733101960092,0.8923495023093195,0.872523061478741,0.8789203659094409,0.8735161152841224,0.8879805025141685,0.883725207286436,0.8714909113949668,0.870752047025325,0.8841949646790551,0.013029093703454295,44
0.1278883695602417,0.010031632157921685,0.012686038017272949,0.002287787000054564,10,sqrt,0.5,50,"{'regressor__max_depth': 10, 'regressor__max_features': 'sqrt', 'regressor__max_samples': 0.5, 'regressor__n_estimators': 50}",0.8991863654219228,0.9106121015624684,0.8976901252511784,0.8819478493536975,0.8860685000337697,0.8764615198873756,0.8890431639178729,0.8839801103250979,0.8718355114723654,0.87285288332169,0.886967813054744,0.011837041931018701,39
0.23712339401245117,0.010856373486894286,0.014895176887512207,0.0040974939039540356,10,sqrt,0.5,100,"{'regressor__max_depth': 10, 'regressor__max_features': 'sqrt', 'regressor__max_samples': 0.5, 'regressor__n_estimators': 100}",0.9014737038307304,0.9116694822216037,0.9001651372956898,0.8804793166969813,0.8901238832965787,0.8805551398640588,0.891666992788391,0.8856249074304745,0.8746167428326136,0.8757173458434057,0.8892092652100526,0.011578916149216844,32
0.4281246900558472,0.03442006625183135,0.023323655128479004,0.004739434675747012,10,sqrt,0.5,200,"{'regressor__max_depth': 10, 'regressor__max_features': 'sqrt', 'regressor__max_samples': 0.5, 'regressor__n_estimators': 200}",0.902295353301647,0.9117586843627253,0.899729144646186,0.8803871406985666,0.8880657050236173,0.8814909709482641,0.8949012239265817,0.8874440134911714,0.8763797243931775,0.8772632851829743,0.8899715245974911,0.011252142980010153,30
0.6515934944152832,0.025641422371967787,0.034032464027404785,0.004538693158108371,10,sqrt,0.5,300,"{'regressor__max_depth': 10, 'regressor__max_features': 'sqrt', 'regressor__max_samples': 0.5, 'regressor__n_estimators': 300}",0.9032127816552226,0.9126382506962305,0.8996489203451578,0.882607515742561,0.8887454981243211,0.8800946531392273,0.8937254639247818,0.8887703311140501,0.8765849496591172,0.8780411622743365,0.8904069526675006,0.011274841861645731,28
0.15924713611602784,0.011586555539384083,0.012451958656311036,0.00375907432090381,10,sqrt,1.0,50,"{'regressor__max_depth': 10, 'regressor__max_features': 'sqrt', 'regressor__max_samples': 1.0, 'regressor__n_estimators': 50}",0.8995982912894992,0.9157468189966287,0.899765004460569,0.8853156160228298,0.8944717620549348,0.8820664772428678,0.8886489753226876,0.8883053376280623,0.8714556436638143,0.8777222593126063,0.8903096185994499,0.012056685566399472,29
0.2894545555114746,0.02097587254050316,0.01313018798828125,0.002296168419353894,10,sqrt,1.0,100,"{'regressor__max_depth': 10, 'regressor__max_features': 'sqrt', 'regressor__max_samples': 1.0, 'regressor__n_estimators': 100}",0.90230700852585,0.9163467333174486,0.9034022096611783,0.8848060947868785,0.8928965987327098,0.8821020639123068,0.8939552496501406,0.8889440124358295,0.8757811926842479,0.8772148917856116,0.8917756055492202,0.012140186166559836,26
0.6538727283477783,0.04398737393896921,0.03229777812957764,0.008294636565052199,10,sqrt,1.0,200,"{'regressor__max_depth': 10, 'regressor__max_features': 'sqrt', 'regressor__max_samples': 1.0, 'regressor__n_estimators': 200}",0.9029725737625115,0.918241064107521,0.9048964606781663,0.8845734251264787,0.8933267683995916,0.8813403587755555,0.8958359753739167,0.8886107231839832,0.8785148622501753,0.8776681022059702,0.892598031386387,0.01247288868622033,24
0.9264132022857666,0.04656741671844855,0.03804888725280762,0.009382681763763667,10,sqrt,1.0,300,"{'regressor__max_depth': 10, 'regressor__max_features': 'sqrt', 'regressor__max_samples': 1.0, 'regressor__n_estimators': 300}",0.9040997197938478,0.9175353632423425,0.9032455826734591,0.8854797964602488,0.8942292053310035,0.8829626051305223,0.8955308692010168,0.8890293455110128,0.8791469078604819,0.8773402024265028,0.8928599597630438,0.012033645338042742,23
0.021058011054992675,0.005211655355615407,0.0,0.0,20,auto,0.1,50,"{'regressor__max_depth': 20, 'regressor__max_features': 'auto', 'regressor__max_samples': 0.1, 'regressor__n_estimators': 50}",,,,,,,,,,,,,65
0.02337048053741455,0.005647959618297876,0.0,0.0,20,auto,0.1,100,"{'regressor__max_depth': 20, 'regressor__max_features': 'auto', 'regressor__max_samples': 0.1, 'regressor__n_estimators': 100}",,,,,,,,,,,,,65
0.021311855316162108,0.003653749565790041,0.0,0.0,20,auto,0.1,200,"{'regressor__max_depth': 20, 'regressor__max_features': 'auto', 'regressor__max_samples': 0.1, 'regressor__n_estimators': 200}",,,,,,,,,,,,,65
0.021143436431884766,0.003465180559759803,0.0,0.0,20,auto,0.1,300,"{'regressor__max_depth': 20, 'regressor__max_features': 'auto', 'regressor__max_samples': 0.1, 'regressor__n_estimators': 300}",,,,,,,,,,,,,65
0.022213435173034667,0.0060354144770724556,0.0,0.0,20,auto,0.25,50,"{'regressor__max_depth': 20, 'regressor__max_features': 'auto', 'regressor__max_samples': 0.25, 'regressor__n_estimators': 50}",,,,,,,,,,,,,65
0.022394180297851562,0.006674634975539371,0.0,0.0,20,auto,0.25,100,"{'regressor__max_depth': 20, 'regressor__max_features': 'auto', 'regressor__max_samples': 0.25, 'regressor__n_estimators': 100}",,,,,,,,,,,,,65
0.021246576309204103,0.0038472563406842437,0.0,0.0,20,auto,0.25,200,"{'regressor__max_depth': 20, 'regressor__max_features': 'auto', 'regressor__max_samples': 0.25, 'regressor__n_estimators': 200}",,,,,,,,,,,,,65
0.0210174560546875,0.006251015606969337,0.0,0.0,20,auto,0.25,300,"{'regressor__max_depth': 20, 'regressor__max_features': 'auto', 'regressor__max_samples': 0.25, 'regressor__n_estimators': 300}",,,,,,,,,,,,,65
0.01641242504119873,0.004418727397261366,0.0,0.0,20,auto,0.5,50,"{'regressor__max_depth': 20, 'regressor__max_features': 'auto', 'regressor__max_samples': 0.5, 'regressor__n_estimators': 50}",,,,,,,,,,,,,65
0.022605633735656737,0.004244860047488238,0.0,0.0,20,auto,0.5,100,"{'regressor__max_depth': 20, 'regressor__max_features': 'auto', 'regressor__max_samples': 0.5, 'regressor__n_estimators': 100}",,,,,,,,,,,,,65
0.019939231872558593,0.007497290670712462,0.0,0.0,20,auto,0.5,200,"{'regressor__max_depth': 20, 'regressor__max_features': 'auto', 'regressor__max_samples': 0.5, 'regressor__n_estimators': 200}",,,,,,,,,,,,,65
0.019973158836364746,0.005576878198398567,0.0,0.0,20,auto,0.5,300,"{'regressor__max_depth': 20, 'regressor__max_features': 'auto', 'regressor__max_samples': 0.5, 'regressor__n_estimators': 300}",,,,,,,,,,,,,65
0.020383644104003906,0.0067041457579449055,0.0,0.0,20,auto,1.0,50,"{'regressor__max_depth': 20, 'regressor__max_features': 'auto', 'regressor__max_samples': 1.0, 'regressor__n_estimators': 50}",,,,,,,,,,,,,65
0.026038146018981932,0.01465482683990558,0.0,0.0,20,auto,1.0,100,"{'regressor__max_depth': 20, 'regressor__max_features': 'auto', 'regressor__max_samples': 1.0, 'regressor__n_estimators': 100}",,,,,,,,,,,,,65
0.029533004760742186,0.013953034786006353,0.0,0.0,20,auto,1.0,200,"{'regressor__max_depth': 20, 'regressor__max_features': 'auto', 'regressor__max_samples': 1.0, 'regressor__n_estimators': 200}",,,,,,,,,,,,,65
0.02145843505859375,0.010568120223102518,0.0,0.0,20,auto,1.0,300,"{'regressor__max_depth': 20, 'regressor__max_features': 'auto', 'regressor__max_samples': 1.0, 'regressor__n_estimators': 300}",,,,,,,,,,,,,65
0.08523657321929931,0.014211714175391299,0.011026239395141602,0.0037952345877384896,20,sqrt,0.1,50,"{'regressor__max_depth': 20, 'regressor__max_features': 'sqrt', 'regressor__max_samples': 0.1, 'regressor__n_estimators': 50}",0.8868891396782862,0.8947603973064922,0.8685004573140029,0.8532144033539151,0.8669402236354151,0.8572114773060446,0.8700561434429094,0.871431063694652,0.8546961627982447,0.8548844949293165,0.8678583963459279,0.01331955742841309,64
0.1482213020324707,0.011437494651742729,0.016199660301208497,0.00490253180191611,20,sqrt,0.1,100,"{'regressor__max_depth': 20, 'regressor__max_features': 'sqrt', 'regressor__max_samples': 0.1, 'regressor__n_estimators': 100}",0.8900575004689869,0.8973019021647739,0.8744470319583321,0.8547019983335871,0.8666664901498503,0.8641773003735583,0.8714572411436167,0.8738479008997289,0.859552790217793,0.8606308228459394,0.8712840978556166,0.012821406891591534,58
0.2614927053451538,0.037780071818846635,0.027057361602783204,0.008312311410978056,20,sqrt,0.1,200,"{'regressor__max_depth': 20, 'regressor__max_features': 'sqrt', 'regressor__max_samples': 0.1, 'regressor__n_estimators': 200}",0.8892654097149779,0.896957913742578,0.876671949936195,0.8547248573860298,0.8704392174722884,0.8671883851399809,0.8748392561413427,0.8757767003884257,0.8631750293330447,0.8618066224299565,0.873084534168482,0.012079672720729793,54
0.3828496694564819,0.015226880102693711,0.036680746078491214,0.004680546922832357,20,sqrt,0.1,300,"{'regressor__max_depth': 20, 'regressor__max_features': 'sqrt', 'regressor__max_samples': 0.1, 'regressor__n_estimators': 300}",0.8906278521185405,0.8973719760189176,0.8751495200114016,0.8540871868102645,0.8722022826300041,0.8658228577745543,0.8760807031711714,0.8768215301619118,0.8624792108654614,0.8610064011895194,0.8731649520751746,0.012639435103327016,51
0.11721916198730468,0.01888755864630788,0.013509082794189452,0.003219367293333817,20,sqrt,0.25,50,"{'regressor__max_depth': 20, 'regressor__max_features': 'sqrt', 'regressor__max_samples': 0.25, 'regressor__n_estimators': 50}",0.901845186493758,0.910008105471106,0.8914406128368291,0.8808955012292147,0.8822078115823848,0.8710980709461938,0.8923794805833235,0.8867918030791136,0.8686505190371717,0.8698622988907128,0.8855179390149809,0.013114854955594652,40
0.20528252124786378,0.02481411073010369,0.01739652156829834,0.0033617497215023984,20,sqrt,0.25,100,"{'regressor__max_depth': 20, 'regressor__max_features': 'sqrt', 'regressor__max_samples': 0.25, 'regressor__n_estimators': 100}",0.8993121967504205,0.9111483007594424,0.8935733353272792,0.8764106883098721,0.8849599839351272,0.874485967576471,0.8928900071240449,0.8902936060822455,0.8721323133636101,0.8748568174009497,0.8870063216629462,0.01210322339581902,38
0.4176691770553589,0.03571538519131213,0.029966354370117188,0.006187073435544705,20,sqrt,0.25,200,"{'regressor__max_depth': 20, 'regressor__max_features': 'sqrt', 'regressor__max_samples': 0.25, 'regressor__n_estimators': 200}",0.9009173649723227,0.9124472766381424,0.8959878103881836,0.8779315149780231,0.8877555750421168,0.8802018486718421,0.893988363813936,0.8913481101369553,0.8748336496601672,0.8749130044549109,0.88903245187566,0.01171158005374332,33
0.6169401407241821,0.027023208756441344,0.037535667419433594,0.006524864900493022,20,sqrt,0.25,300,"{'regressor__max_depth': 20, 'regressor__max_features': 'sqrt', 'regressor__max_samples': 0.25, 'regressor__n_estimators': 300}",0.9020627233879113,0.9143279639179991,0.8961759954028845,0.878240682547723,0.8881772381062952,0.880584913986,0.8930913856653406,0.8901031781548637,0.8771273060420515,0.8753541882785782,0.8895245575489648,0.011803655375332478,31
0.16271791458129883,0.013541818756040776,0.012745428085327148,0.004609462453872315,20,sqrt,0.5,50,"{'regressor__max_depth': 20, 'regressor__max_features': 'sqrt', 'regressor__max_samples': 0.5, 'regressor__n_estimators': 50}",0.9099360284094861,0.92090321905241,0.8988259801506625,0.887710303535036,0.8969854164190353,0.8823098697210553,0.8945414748670022,0.888978418765887,0.8820342344521537,0.8789839005556217,0.8941208845928348,0.01257055507908718,22
0.31928191184997556,0.02483318279885597,0.020084118843078612,0.003687196826531248,20,sqrt,0.5,100,"{'regressor__max_depth': 20, 'regressor__max_features': 'sqrt', 'regressor__max_samples': 0.5, 'regressor__n_estimators': 100}",0.9074230592730798,0.9205743014453943,0.9049323050167324,0.8863793410498343,0.8995555959692165,0.8866440873343104,0.8981505527375317,0.8936609024827648,0.8822652111883365,0.8787255207475888,0.895831087724479,0.012262805912938013,19
0.5974833250045777,0.03242146090750359,0.036133527755737305,0.007776144349267921,20,sqrt,0.5,200,"{'regressor__max_depth': 20, 'regressor__max_features': 'sqrt', 'regressor__max_samples': 0.5, 'regressor__n_estimators': 200}",0.90868939830151,0.9220358722580784,0.9066402088138649,0.886623060243342,0.9008429656192093,0.8871403764015432,0.8987315228478314,0.8951082336493161,0.8832477887977092,0.8819203894831618,0.8970979816415566,0.012243491793133741,13
0.936227536201477,0.0697354081280461,0.05395631790161133,0.008050712954430973,20,sqrt,0.5,300,"{'regressor__max_depth': 20, 'regressor__max_features': 'sqrt', 'regressor__max_samples': 0.5, 'regressor__n_estimators': 300}",0.9077631852847251,0.9229640520573993,0.9060364536599816,0.8880157217027248,0.9003726960305913,0.8873937422828744,0.8983761355648052,0.8940055277577456,0.8836803797616904,0.881143398879447,0.8969751292981984,0.012229908764175353,14
0.2281038761138916,0.018881842896609772,0.014081287384033202,0.0031144833292074516,20,sqrt,1.0,50,"{'regressor__max_depth': 20, 'regressor__max_features': 'sqrt', 'regressor__max_samples': 1.0, 'regressor__n_estimators': 50}",0.9111234084655488,0.9307630595214357,0.9057772504074739,0.8923248565573753,0.9079391953693388,0.8913673774509342,0.9005575118107976,0.8904899484765667,0.8906976721372148,0.8895565483977883,0.9010596828594475,0.012550119912333452,10
0.45185577869415283,0.034246420448518576,0.02202141284942627,0.006027846141093003,20,sqrt,1.0,100,"{'regressor__max_depth': 20, 'regressor__max_features': 'sqrt', 'regressor__max_samples': 1.0, 'regressor__n_estimators': 100}",0.9119932047030402,0.9286533261517318,0.9090006660227306,0.8950498368470705,0.9062557930901783,0.8919034586846273,0.8996357865756397,0.8945271308052933,0.8876884272143707,0.8868169844273533,0.9011524614522036,0.012317569118359982,9
0.9018409013748169,0.06803538566235463,0.04336092472076416,0.014002588147333201,20,sqrt,1.0,200,"{'regressor__max_depth': 20, 'regressor__max_features': 'sqrt', 'regressor__max_samples': 1.0, 'regressor__n_estimators': 200}",0.9122627952245486,0.9296414406998544,0.9108303043563886,0.8943435477863351,0.9065931005769072,0.8929607725150005,0.9017744921919327,0.8967949707887473,0.8876831878911868,0.8877100927319281,0.9020594704762829,0.012430021423639963,8
1.3735472202301025,0.05696967808186673,0.06126902103424072,0.008491308089886983,20,sqrt,1.0,300,"{'regressor__max_depth': 20, 'regressor__max_features': 'sqrt', 'regressor__max_samples': 1.0, 'regressor__n_estimators': 300}",0.9120895394251202,0.9291892005157654,0.9102656849949147,0.8960232227573198,0.9072149035557833,0.8942010475603074,0.9014443860580317,0.8962941450276514,0.888264963306111,0.88675779406292,0.9021744887263925,0.012192829133824822,5
0.02132253646850586,0.007720275533286102,0.0,0.0,30,auto,0.1,50,"{'regressor__max_depth': 30, 'regressor__max_features': 'auto', 'regressor__max_samples': 0.1, 'regressor__n_estimators': 50}",,,,,,,,,,,,,65
0.021315932273864746,0.005593505247718185,0.0,0.0,30,auto,0.1,100,"{'regressor__max_depth': 30, 'regressor__max_features': 'auto', 'regressor__max_samples': 0.1, 'regressor__n_estimators': 100}",,,,,,,,,,,,,65
0.01952211856842041,0.004118962486750351,0.0,0.0,30,auto,0.1,200,"{'regressor__max_depth': 30, 'regressor__max_features': 'auto', 'regressor__max_samples': 0.1, 'regressor__n_estimators': 200}",,,,,,,,,,,,,65
0.01898479461669922,0.004456800825799307,0.0,0.0,30,auto,0.1,300,"{'regressor__max_depth': 30, 'regressor__max_features': 'auto', 'regressor__max_samples': 0.1, 'regressor__n_estimators': 300}",,,,,,,,,,,,,65
0.02142810821533203,0.004693690376334873,0.0,0.0,30,auto,0.25,50,"{'regressor__max_depth': 30, 'regressor__max_features': 'auto', 'regressor__max_samples': 0.25, 'regressor__n_estimators': 50}",,,,,,,,,,,,,65
0.019067907333374025,0.004331822529169413,0.0,0.0,30,auto,0.25,100,"{'regressor__max_depth': 30, 'regressor__max_features': 'auto', 'regressor__max_samples': 0.25, 'regressor__n_estimators': 100}",,,,,,,,,,,,,65
0.0183391809463501,0.004235872028807359,0.0,0.0,30,auto,0.25,200,"{'regressor__max_depth': 30, 'regressor__max_features': 'auto', 'regressor__max_samples': 0.25, 'regressor__n_estimators': 200}",,,,,,,,,,,,,65
0.021254634857177733,0.0050454991102899084,0.0,0.0,30,auto,0.25,300,"{'regressor__max_depth': 30, 'regressor__max_features': 'auto', 'regressor__max_samples': 0.25, 'regressor__n_estimators': 300}",,,,,,,,,,,,,65
0.041143059730529785,0.03138221919900481,0.0,0.0,30,auto,0.5,50,"{'regressor__max_depth': 30, 'regressor__max_features': 'auto', 'regressor__max_samples': 0.5, 'regressor__n_estimators': 50}",,,,,,,,,,,,,65
0.02451817989349365,0.010995704251367948,0.0,0.0,30,auto,0.5,100,"{'regressor__max_depth': 30, 'regressor__max_features': 'auto', 'regressor__max_samples': 0.5, 'regressor__n_estimators': 100}",,,,,,,,,,,,,65
0.01860532760620117,0.004681585921510573,0.0,0.0,30,auto,0.5,200,"{'regressor__max_depth': 30, 'regressor__max_features': 'auto', 'regressor__max_samples': 0.5, 'regressor__n_estimators': 200}",,,,,,,,,,,,,65
0.01727292537689209,0.004390383354075957,0.0,0.0,30,auto,0.5,300,"{'regressor__max_depth': 30, 'regressor__max_features': 'auto', 'regressor__max_samples': 0.5, 'regressor__n_estimators': 300}",,,,,,,,,,,,,65
0.021254444122314455,0.006383236600678593,0.0,0.0,30,auto,1.0,50,"{'regressor__max_depth': 30, 'regressor__max_features': 'auto', 'regressor__max_samples': 1.0, 'regressor__n_estimators': 50}",,,,,,,,,,,,,65
0.014894866943359375,0.0031371613479143795,0.0,0.0,30,auto,1.0,100,"{'regressor__max_depth': 30, 'regressor__max_features': 'auto', 'regressor__max_samples': 1.0, 'regressor__n_estimators': 100}",,,,,,,,,,,,,65
0.019803690910339355,0.0046345022810967106,0.0,0.0,30,auto,1.0,200,"{'regressor__max_depth': 30, 'regressor__max_features': 'auto', 'regressor__max_samples': 1.0, 'regressor__n_estimators': 200}",,,,,,,,,,,,,65
0.020649313926696777,0.00536713652949604,0.0,0.0,30,auto,1.0,300,"{'regressor__max_depth': 30, 'regressor__max_features': 'auto', 'regressor__max_samples': 1.0, 'regressor__n_estimators': 300}",,,,,,,,,,,,,65
0.08369503021240235,0.006805087376630429,0.01174461841583252,0.005498333980252653,30,sqrt,0.1,50,"{'regressor__max_depth': 30, 'regressor__max_features': 'sqrt', 'regressor__max_samples': 0.1, 'regressor__n_estimators': 50}",0.8868778165613721,0.897690096577124,0.8694615998395703,0.8542093152448001,0.866319835200267,0.8590852214266467,0.8700561434429094,0.872040280641326,0.8536579582389212,0.8547946954839871,0.8684192962656925,0.0138251835898468,62
0.137046217918396,0.008685945013013239,0.01632399559020996,0.0037424293920989816,30,sqrt,0.1,100,"{'regressor__max_depth': 30, 'regressor__max_features': 'sqrt', 'regressor__max_samples': 0.1, 'regressor__n_estimators': 100}",0.8902501579255836,0.8986379193864968,0.8747173738177462,0.8547017942700473,0.8671514478911114,0.8651032191471699,0.8714572411436167,0.8733714041970619,0.8585309754599233,0.8611126413352148,0.8715034174573972,0.013114845383627447,56
0.27759599685668945,0.02307766078249192,0.02663724422454834,0.006242977497102963,30,sqrt,0.1,200,"{'regressor__max_depth': 30, 'regressor__max_features': 'sqrt', 'regressor__max_samples': 0.1, 'regressor__n_estimators': 200}",0.8891226379067501,0.8982194104442047,0.8771691976049436,0.8550094006367877,0.8700756442480233,0.8674656160288704,0.8742238417433705,0.8754967954308961,0.862628519606541,0.8620068353526563,0.8731417899003043,0.012296874642119128,52
0.39812798500061036,0.018027702177127205,0.03815305233001709,0.00652183636893969,30,sqrt,0.1,300,"{'regressor__max_depth': 30, 'regressor__max_features': 'sqrt', 'regressor__max_samples': 0.1, 'regressor__n_estimators': 300}",0.8910210235368834,0.8988925251757782,0.8753683587681113,0.8543840162746753,0.8718123040827915,0.8658473088328157,0.875688118196625,0.8767378944262556,0.8626058559341592,0.8613302800365664,0.8733687685264663,0.012899512633980714,49
0.1170048475265503,0.014952944510334713,0.012837553024291992,0.004279641139650447,30,sqrt,0.25,50,"{'regressor__max_depth': 30, 'regressor__max_features': 'sqrt', 'regressor__max_samples': 0.25, 'regressor__n_estimators': 50}",0.8996109711110543,0.9082056782702386,0.8892669660076677,0.8759528023716493,0.8833843303611092,0.86779635097247,0.8907589271047729,0.8848506544070367,0.8690725786599832,0.8682825026244921,0.8837181761890474,0.013040448552848511,45
0.2133922576904297,0.016951378076910665,0.018036746978759767,0.004634569067644227,30,sqrt,0.25,100,"{'regressor__max_depth': 30, 'regressor__max_features': 'sqrt', 'regressor__max_samples': 0.25, 'regressor__n_estimators': 100}",0.8985839659727564,0.9105158104793019,0.892515413322184,0.8735025327656666,0.8854102257172279,0.87395636228003,0.8878928141019079,0.8878906072501139,0.8715356530910263,0.8729213300014095,0.8854724714981623,0.012198601241775192,41
0.4322486162185669,0.03928902519789969,0.030602145195007324,0.005858498702587339,30,sqrt,0.25,200,"{'regressor__max_depth': 30, 'regressor__max_features': 'sqrt', 'regressor__max_samples': 0.25, 'regressor__n_estimators': 200}",0.9004077961607069,0.9117557055192751,0.8937384593809338,0.8753399611588114,0.8882964695186565,0.8794134724012241,0.8910125251321928,0.8905391002136606,0.8732038874654835,0.8742723924814546,0.88779797694324,0.011865058613091678,36
0.5885369062423706,0.028466256462807826,0.0483452320098877,0.022486213252302326,30,sqrt,0.25,300,"{'regressor__max_depth': 30, 'regressor__max_features': 'sqrt', 'regressor__max_samples': 0.25, 'regressor__n_estimators': 300}",0.9012764223898151,0.9130218717395127,0.8952288044088318,0.8760999513307798,0.8878151130942534,0.8804433844103513,0.8907796898708626,0.889031557268083,0.874695829754286,0.8740606018536224,0.8882453226120399,0.011970202887235906,34
0.1626516580581665,0.015197578977523555,0.012723565101623535,0.003947052499319284,30,sqrt,0.5,50,"{'regressor__max_depth': 30, 'regressor__max_features': 'sqrt', 'regressor__max_samples': 0.5, 'regressor__n_estimators': 50}",0.9054648191510206,0.9207129426565346,0.900560658820967,0.8812488082607034,0.8909755586766017,0.8786049360999076,0.8885092302606146,0.8871188143677303,0.8824407637765715,0.882282963782375,0.8917919495853026,0.012635121834685126,25
0.3405703783035278,0.0365507395156076,0.022338247299194335,0.005016358735115898,30,sqrt,0.5,100,"{'regressor__max_depth': 30, 'regressor__max_features': 'sqrt', 'regressor__max_samples': 0.5, 'regressor__n_estimators': 100}",0.9066269021311403,0.9210930179852264,0.9030308430674993,0.8844517441903086,0.8977854185002658,0.8853605238340113,0.8920436878035247,0.892007322813189,0.8825569844443422,0.8825788562546832,0.8947535301024191,0.011910795570513978,20
0.6260555028915405,0.028370050525236955,0.03126008510589599,0.006779988335543797,30,sqrt,0.5,200,"{'regressor__max_depth': 30, 'regressor__max_features': 'sqrt', 'regressor__max_samples': 0.5, 'regressor__n_estimators': 200}",0.9067214233416682,0.9205447854348285,0.9026587939038369,0.8862298991395487,0.89790801144816,0.8885401349819624,0.8944065509515324,0.8932745743874224,0.8836422481804127,0.8853542583716535,0.8959280680141027,0.01091989486556387,17
0.895892071723938,0.04009090620722009,0.04404661655426025,0.0072090000326009845,30,sqrt,0.5,300,"{'regressor__max_depth': 30, 'regressor__max_features': 'sqrt', 'regressor__max_samples': 0.5, 'regressor__n_estimators': 300}",0.90792787807096,0.9208382053976919,0.9034909023960566,0.8866032006479103,0.8986859174089877,0.8883382612404284,0.8952402377920938,0.8948219155308778,0.8839087523402863,0.8844340077338736,0.8964289278559165,0.011178713477918148,15
0.22992143630981446,0.01948762123160359,0.01370377540588379,0.0035880351675249985,30,sqrt,1.0,50,"{'regressor__max_depth': 30, 'regressor__max_features': 'sqrt', 'regressor__max_samples': 1.0, 'regressor__n_estimators': 50}",0.9044013703420261,0.924855629460977,0.9039328003344325,0.8932234310249143,0.9033347545799155,0.89565286340166,0.9001486218844673,0.893338742642402,0.8873176563962216,0.8864391340268869,0.8992645004093903,0.010546587760230397,11
0.4539019584655762,0.0218094448019814,0.0219423770904541,0.0086034173447423,30,sqrt,1.0,100,"{'regressor__max_depth': 30, 'regressor__max_features': 'sqrt', 'regressor__max_samples': 1.0, 'regressor__n_estimators': 100}",0.9098506765695968,0.9285516582459827,0.9117838790482213,0.8949970578938968,0.9059802423517517,0.895909325646698,0.9030072522330902,0.895985839375613,0.8889490626300208,0.886379796857857,0.9021394790852728,0.011898048840889106,6
0.8277707099914551,0.016299257696379816,0.03475632667541504,0.0076961730331293965,30,sqrt,1.0,200,"{'regressor__max_depth': 30, 'regressor__max_features': 'sqrt', 'regressor__max_samples': 1.0, 'regressor__n_estimators': 200}",0.9114265852914798,0.9277130184030831,0.9139169996121977,0.8942105197190771,0.9056179829503298,0.8973003163425989,0.9019221527833547,0.8968851838319749,0.8898740805785372,0.8862516731451658,0.9025118512657799,0.011859522517997444,3
1.1836963653564454,0.1095132981653504,0.03800678253173828,0.008280173744386188,30,sqrt,1.0,300,"{'regressor__max_depth': 30, 'regressor__max_features': 'sqrt', 'regressor__max_samples': 1.0, 'regressor__n_estimators': 300}",0.9123380167531405,0.9276705535059061,0.9131976142606157,0.8945167377937109,0.9063685373612261,0.8964059983394621,0.9021324214797891,0.897474849237809,0.8889658046517085,0.8866167548211402,0.9025687288204509,0.01192228644215128,2
